<?xml version="1.0" encoding="UTF-8"?>
<project version="4">
  <component name="AutoImportSettings">
    <option name="autoReloadType" value="SELECTIVE" />
  </component>
  <component name="ChangeListManager">
    <list default="true" id="f14a0668-9520-47c7-b492-2c7dbfc09fee" name="Changes" comment="" />
    <option name="SHOW_DIALOG" value="false" />
    <option name="HIGHLIGHT_CONFLICTS" value="true" />
    <option name="HIGHLIGHT_NON_ACTIVE_CHANGELIST" value="false" />
    <option name="LAST_RESOLUTION" value="IGNORE" />
  </component>
  <component name="MavenImportPreferences">
    <option name="generalSettings">
      <MavenGeneralSettings>
        <option name="mavenHomeTypeForPersistence" value="WRAPPER" />
      </MavenGeneralSettings>
    </option>
  </component>
  <component name="ProjectColorInfo">{
  &quot;associatedIndex&quot;: 3
}</component>
  <component name="ProjectId" id="302iHt7Ep5Ngg0Gm0rNVZ44AITr" />
  <component name="ProjectViewState">
    <option name="hideEmptyMiddlePackages" value="true" />
    <option name="showLibraryContents" value="true" />
  </component>
  <component name="PropertiesComponent">{
  &quot;keyToString&quot;: {
    &quot;ModuleVcsDetector.initialDetectionPerformed&quot;: &quot;true&quot;,
    &quot;RequestMappingsPanelOrder0&quot;: &quot;0&quot;,
    &quot;RequestMappingsPanelOrder1&quot;: &quot;1&quot;,
    &quot;RequestMappingsPanelWidth0&quot;: &quot;75&quot;,
    &quot;RequestMappingsPanelWidth1&quot;: &quot;75&quot;,
    &quot;RunOnceActivity.ShowReadmeOnStart&quot;: &quot;true&quot;,
    &quot;Spring Boot.ProjetApplication.executor&quot;: &quot;Run&quot;,
    &quot;node.js.detected.package.eslint&quot;: &quot;true&quot;,
    &quot;node.js.detected.package.tslint&quot;: &quot;true&quot;,
    &quot;node.js.selected.package.eslint&quot;: &quot;(autodetect)&quot;,
    &quot;node.js.selected.package.tslint&quot;: &quot;(autodetect)&quot;,
    &quot;nodejs_package_manager_path&quot;: &quot;npm&quot;,
    &quot;vue.rearranger.settings.migration&quot;: &quot;true&quot;
  }
}</component>
  <component name="RunManager">
    <configuration name="ProjetApplication" type="SpringBootApplicationConfigurationType" factoryName="Spring Boot" temporary="true" nameIsGenerated="true">
      <option name="FRAME_DEACTIVATION_UPDATE_POLICY" value="UpdateClassesAndResources" />
      <module name="projet" />
      <option name="SPRING_BOOT_MAIN_CLASS" value="org.example.ProjetApplication" />
      <extension name="coverage">
        <pattern>
          <option name="PATTERN" value="org.example.*" />
          <option name="ENABLED" value="true" />
        </pattern>
      </extension>
      <method v="2">
        <option name="Make" enabled="true" />
      </method>
    </configuration>
    <recent_temporary>
      <list>
        <item itemvalue="Spring Boot.ProjetApplication" />
      </list>
    </recent_temporary>
  </component>
  <component name="SharedIndexes">
    <attachedChunks>
      <set>
        <option value="bundled-jdk-9823dce3aa75-fbdcb00ec9e3-intellij.indexing.shared.core-IU-251.26927.53" />
        <option value="bundled-js-predefined-d6986cc7102b-09060db00ec0-JavaScript-IU-251.26927.53" />
      </set>
    </attachedChunks>
  </component>
  <component name="TaskManager">
    <task active="true" id="Default" summary="Default task">
      <changelist id="f14a0668-9520-47c7-b492-2c7dbfc09fee" name="Changes" comment="" />
      <created>1752831987641</created>
      <option name="number" value="Default" />
      <option name="presentableId" value="Default" />
      <updated>1752831987641</updated>
      <workItem from="1752831988798" duration="5246000" />
      <workItem from="1752927279043" duration="6752000" />
      <workItem from="1753260937241" duration="130000" />
      <workItem from="1753348086466" duration="1295000" />
    </task>
    <servers />
  </component>
  <component name="TypeScriptGeneratedFilesManager">
    <option name="version" value="3" />
  </component>
</project>